"","baseMean","log2FoldChange","lfcSE","stat","pvalue","padj"
"Mlu_02863.mRNA1",110.096150974102,4.1070548653668,0.377223809567519,10.531386401362,6.19157650802721e-26,2.14928195323148e-21
"Mlu_43380.mRNA1",106.174284856111,4.29759274126466,0.411998465854375,10.0061254270257,1.43253478553795e-23,2.48637900051894e-19
"Mlu_24757.mRNA1",97.522297871831,4.34061836233738,0.429829069812941,9.63754286857053,5.55005249132131e-22,6.42196573770788e-18
"Mlu_14606.mRNA1",295.814819868316,2.89496503905744,0.310300324356173,9.31169753802884,1.25805338972175e-20,9.34915208005362e-17
"Mlu_20087.mRNA1",939.577398782185,2.73419237720147,0.293852715211796,9.30446897218867,1.34663556593403e-20,9.34915208005362e-17
"Mlu_04173.mRNA1",1144.15316695136,2.3917599932625,0.261716749369375,9.13806092591402,6.35821124438796e-20,3.67854311544065e-16
"Mlu_45519.mRNA1",774.453380966246,1.6745416976862,0.206351502829244,8.11197862503277,4.98020630012967e-16,2.4696843042343e-12
"Mlu_33759.mRNA1",286.626095912202,2.79974343392956,0.362407324262218,7.68047009093531,1.58505852201854e-14,6.87776705935369e-11
"Mlu_39567.mRNA1",64.7273203080092,3.98540577371449,0.494236489681808,7.61587918746277,2.61902571439917e-14,1.01015821804376e-10
"Mlu_10198.mRNA1",130.815407062465,4.69117805414138,0.574421738224426,7.41282560237436,1.23636427134739e-13,4.2917912951282e-10
"Mlu_07683.mRNA1",427.111931635835,-1.63362877239345,0.225988869248231,-7.22700205165596,4.9377264528694e-13,1.55821180325869e-09
"Mlu_39530.mRNA1",868.616597053934,1.51502864677815,0.211296197214755,7.16901166778123,7.55411193324377e-13,2.18521572948909e-09
"Mlu_37520.mRNA1",143.88796354305,4.2352662718547,0.593161783642012,6.83613441175992,8.13586135889927e-12,2.17246273347285e-08
"Mlu_02813.mRNA1",1274.43774783582,1.53503891463245,0.226068207949368,6.7873313766198,1.14226641878911e-11,2.8322495853876e-08
"Mlu_10047.mRNA1",1775.96817377873,1.63362823030672,0.248503044586495,6.57583114058243,4.83821379735255e-11,1.11965943698333e-07
"Mlu_32158.mRNA1",2123.68613435275,1.89903473380686,0.293263130034129,6.4878025045063,8.70973442457792e-11,1.88963131925233e-07
"Mlu_11841.mRNA1",1443.33096261072,1.71590112082518,0.265786925165144,6.45577512124219,1.0766638770709e-10,2.19848430380954e-07
"Mlu_00579.mRNA1",58.1389387709752,-3.07184031014675,0.470971272629693,-6.36210698671717,1.99004742090459e-10,3.75786852498411e-07
"Mlu_02469.mRNA1",140.392807160387,-2.68225486051191,0.419518029224878,-6.3552569571287,2.08078498541912e-10,3.75786852498411e-07
"Mlu_12119.mRNA1",34.7738602069791,3.05852600732703,0.462039208888341,6.34914795129136,2.16510732289581e-10,3.75786852498411e-07
"Mlu_17841.mRNA1",102.363588101253,2.35057442760587,0.371978848822747,6.29100364468129,3.15419928386598e-10,5.01294503322284e-07
"Mlu_33860.mRNA1",90.9439067331078,2.84553179105888,0.445887302941591,6.28988336694023,3.17704579641352e-10,5.01294503322284e-07
"Mlu_15486.mRNA1",482.677204604332,1.50888350614368,0.245324930033317,6.14900141981509,7.79722812283329e-10,1.1277715826163e-06
"Mlu_31658.mRNA1",33.1128568811135,2.71638703813278,0.428753536552659,6.15451006384802,7.53099420596625e-10,1.1277715826163e-06
"Mlu_43005.mRNA1",242.662607974324,-1.64118916204753,0.266954731240543,-6.14036853459222,8.23302478132743e-10,1.14317195693688e-06
"Mlu_35451.mRNA1",51.3203940485621,4.30678673897608,0.580002269624253,6.12695752831668,8.95753701278055e-10,1.15164067527649e-06
"Mlu_37649.mRNA1",122.955039322842,-2.29891339312894,0.373906961355123,-6.12877007778611,8.85609964040067e-10,1.15164067527649e-06
"Mlu_30788.mRNA1",180.318830511049,3.51884096227989,0.587423586095307,6.06020839340051,1.35945301723997e-09,1.68538187812325e-06
"Mlu_40012.mRNA1",201.394108705814,-1.94415348237271,0.324167579077133,-6.00379365547361,1.92759648626685e-09,2.30733299406141e-06
"Mlu_24990.mRNA1",112.805217059187,3.45200101555792,0.587755696449892,5.94490152151846,2.76623108323926e-09,3.20080598641615e-06
"Mlu_31304.mRNA1",1364.09123833693,-1.82601042833281,0.307943868267899,-5.91961834715778,3.22689564608077e-09,3.61339446975489e-06
"Mlu_43294.mRNA1",465.761954295431,1.93122683851355,0.325891242682196,5.90327226738377,3.56361427569694e-09,3.86574194850837e-06
"Mlu_19204.mRNA1",61.4918540874467,2.85443685295935,0.473724824447623,5.88081780607473,4.08244343177581e-09,4.29435935900708e-06
"Mlu_38844.mRNA1",650.28267097347,1.10229868308061,0.188051166146152,5.86135143529212,4.59115132353174e-09,4.68743046746345e-06
"Mlu_21585.mRNA1",325.37199660822,1.89920852717999,0.326448399808876,5.7907197811672,7.0085421854582e-09,6.89381806658319e-06
"Mlu_23670.mRNA1",38.212713249627,-3.0532888463824,0.507010122077973,-5.78277104321666,7.34800416165639e-09,6.89381806658319e-06
"Mlu_33051.mRNA1",389.430733000146,1.96538852812927,0.339930451868663,5.78615013257818,7.20178537562766e-09,6.89381806658319e-06
"Mlu_33548.mRNA1",40.0854867854359,2.87849279653234,0.491532708693501,5.77402382730499,7.74004842550946e-09,7.07053423670289e-06
"Mlu_05938.mRNA1",650.041200946024,-1.77173911115089,0.307209247276364,-5.74124938292356,9.39805678924477e-09,8.36499346987317e-06
"Mlu_13736.mRNA1",144.310418774503,-2.25825247853263,0.390531506587012,-5.71239620875136,1.11396358481835e-08,9.44132303259193e-06
"Mlu_27587.mRNA1",2727.27791559053,1.33181534294177,0.233209344339033,5.71221853121047,1.11512760157944e-08,9.44132303259193e-06
"Mlu_27563.mRNA1",108.681696309396,1.79511318981987,0.312209691792394,5.70451840607406,1.16672486904434e-08,9.64298104265144e-06
"Mlu_36275.mRNA1",503.743646611106,-1.23892097318859,0.217192013534795,-5.69526549555951,1.23180086441128e-08,9.94407055960671e-06
"Mlu_01126.mRNA1",122.285873916688,3.22370751569963,0.571734544967857,5.6848995250902,1.30889588944931e-08,1.03262961387395e-05
"Mlu_22325.mRNA1",426.769312691581,-0.941071723859123,0.167437673317371,-5.62007496290243,1.90874620943934e-08,1.4724068259615e-05
"Mlu_23260.mRNA1",407.903264478607,-1.13099381163575,0.202550963260682,-5.58469884159947,2.34105531062992e-08,1.76663158691079e-05
"Mlu_15194.mRNA1",573.421178134207,-0.904605704613229,0.163775462488172,-5.52351991794248,3.32274603873744e-08,2.42264621960076e-05
"Mlu_29077.mRNA1",130.686098719692,-2.04969184004097,0.368757585116929,-5.52208749513869,3.34995588225841e-08,2.42264621960076e-05
"Mlu_23034.mRNA1",71.809288071981,2.28931623938828,0.409898534236084,5.50420397646498,3.70839995937147e-08,2.62713648550331e-05
"Mlu_23921.mRNA1",25.4524562598759,-3.01670162534909,0.518597156687406,-5.49800316845498,3.84116030914451e-08,2.66676395622667e-05
"Mlu_20688.mRNA1",1888.18200124886,-1.22204292742188,0.222357019167692,-5.49264929472856,3.9594858241145e-08,2.69501238063699e-05
"Mlu_43260.mRNA1",1325.02042440337,-1.24466356591243,0.227417774617472,-5.47256752653385,4.43561656143592e-08,2.96102995571394e-05
"Mlu_16814.mRNA1",22.101531376054,2.96300802817715,0.518389806371823,5.42513087903987,5.79120901079204e-08,3.7930233658797e-05
"Mlu_20311.mRNA1",10654.6402101022,-1.49877381200257,0.276780583225866,-5.41281210494406,6.2042583989143e-08,3.98830410743541e-05
"Mlu_01012.mRNA1",283.557987472303,1.9178414777584,0.35338411625265,5.39549010099442,6.83367603746911e-08,4.31304356888482e-05
"Mlu_10176.mRNA1",209.844036209635,1.39595811927523,0.262264801168787,5.31561002673846,1.06300593496361e-07,6.5893080393557e-05
"Mlu_35564.mRNA1",120.059533123773,1.37080064644931,0.257752459259815,5.30711561107731,1.1137354338641e-07,6.78264879223235e-05
"Mlu_25205.mRNA1",64.5468777523974,3.16507226390956,0.59746634223095,5.27573819634796,1.32222741775582e-07,7.77940344958605e-05
"Mlu_37624.mRNA1",415.033821097539,3.10068021608854,0.592516050029518,5.2765149670539,1.31663764269917e-07,7.77940344958605e-05
"Mlu_09934.mRNA1",96.9095609211857,2.37259855868497,0.442536832100437,5.27065104722582,1.35940701031624e-07,7.86484925818458e-05
"Mlu_44051.mRNA1",1412.10145194066,1.32721770623788,0.253020007209113,5.24279588288375,1.58161475784879e-07,9.00042509659097e-05
"Mlu_34107.mRNA1",2304.26983799813,1.36593685147735,0.260931625223256,5.23898138160051,1.61465325452346e-07,9.04023522972146e-05
"Mlu_26516.mRNA1",835.139069188615,-1.29610313367091,0.24781501621252,-5.23158058205419,1.6806674054424e-07,9.2604774039876e-05
"Mlu_17612.mRNA1",1745.00518401012,-1.23575715385303,0.236586374203733,-5.22459176636141,1.74539751593609e-07,9.46687249542024e-05
"Mlu_25198.mRNA1",1502.25562551422,2.87615675146017,0.604951962077494,5.21623261393004,1.82598844105792e-07,9.75162103914517e-05
"Mlu_16678.mRNA1",29.2452974360126,2.60314846417115,0.489467416701253,5.21317244587242,1.85638176922769e-07,9.7527833687274e-05
"Mlu_45038.mRNA1",520.887853156392,1.45477767096185,0.278953778139045,5.2105913123899,1.88239704348439e-07,9.7527833687274e-05
"Mlu_29108.mRNA1",42.9605755785229,2.71755799059115,0.509511020468289,5.1805219180039,2.21265925849658e-07,0.000112953001235576
"Mlu_01655.mRNA1",85.5364899501954,2.4703350876134,0.472458134497067,5.17745508095138,2.24933077121242e-07,0.000113160897189995
"Mlu_37936.mRNA1",1224.6287035583,2.68294733703107,0.60448165818288,5.16865719102564,2.35781929500057e-07,0.000116924258839078
"Mlu_33544.mRNA1",10.5281832600899,3.44743929550527,0.593900843575652,5.16137190422657,2.45146609430592e-07,0.000119855975396678
"Mlu_31787.mRNA1",5093.55017673396,1.35094188600842,0.264977614881327,5.10076373234653,3.38285639396098e-07,0.000163095963893844
"Mlu_07813.mRNA1",23.3542729517756,3.07760296676656,0.573335935016248,5.07093636821593,3.95863125637672e-07,0.000185697252435953
"Mlu_45336.mRNA1",557.269235872294,2.91642978092622,0.567361373678316,5.07292355615377,3.9174990206396e-07,0.000185697252435953
"Mlu_30682.mRNA1",1115.92123277594,-1.12031190292614,0.221238464345824,-5.06654877557813,4.0509298751529e-07,0.000187493238341577
"Mlu_18738.mRNA1",130.487438216296,-1.32501719294485,0.261666309717299,-5.0572759201007,4.2528769327399e-07,0.000191727424631429
"Mlu_45322.mRNA1",22.9783988340136,2.51027057415526,0.477414981658452,5.05965308031224,4.20019960630339e-07,0.000191727424631429
"Mlu_23568.mRNA1",103.547255380962,-1.67822184347241,0.332333203735389,-5.05401502359793,4.32617555182939e-07,0.000192531451193146
"Mlu_09781.mRNA1",421.898099584988,2.40378669942558,0.600219554267258,5.04345792059139,4.57193346131378e-07,0.000200893071193146
"Mlu_06476.mRNA1",995.422285385231,1.15885898790431,0.23037502571515,5.02921826830884,4.92483529374562e-07,0.00021369475943974
"Mlu_38562.mRNA1",65.9660152515941,1.83736275303405,0.362729546270471,5.02404733666728,5.059375830534e-07,0.000216822361981885
"Mlu_04589.mRNA1",968.827242970135,2.51396387465048,0.502385457990917,5.01957446699892,5.17860677315838e-07,0.000218038108653682
"Mlu_34629.mRNA1",2333.05197140873,-1.1609033236803,0.231346601582549,-5.01828912622106,5.21336761969741e-07,0.000218038108653682
"Mlu_00722.mRNA1",3315.50457974154,0.813576797255955,0.162362891322976,5.01053510635867,5.42788950200983e-07,0.000223713456798217
"Mlu_16361.mRNA1",61.8153858603587,2.44343040824676,0.484339334147521,5.00651595498048,5.54240696126716e-07,0.000223713456798217
"Mlu_17570.mRNA1",307.48226420941,1.1272416519519,0.22500235893801,5.007738575737,5.50732662379129e-07,0.000223713456798217
"Mlu_25903.mRNA1",284.946773218226,1.55082878434334,0.309552742675311,5.00380646893792,5.62091894257561e-07,0.000224274665808767
"Mlu_20386.mRNA1",164.944003580406,-1.11410639356367,0.223063341994752,-4.99442082278764,5.9012595303804e-07,0.000232784570543289
"Mlu_02179.mRNA1",274.377768070108,-1.05405022843128,0.210923891986683,-4.99174656823474,5.98357340701495e-07,0.000233379532222146
"Mlu_38125.mRNA1",18.3591286576123,3.17378996717517,0.572552821314311,4.98628412973738,6.15516071559471e-07,0.000237114653227793
"Mlu_46056.mRNA1",435.421979004821,-1.63682582362222,0.327295797761235,-4.98438401745879,6.21595178858906e-07,0.000237114653227793
"Mlu_36254.mRNA1",340.641593355355,1.09939130363406,0.221857514673353,4.95279490338314,7.31550682477386e-07,0.000276025204791712
"Mlu_26792.mRNA1",81.288146420058,2.17895172926145,0.432866507114207,4.94912144585163,7.45492214869812e-07,0.000278109333824867
"Mlu_28854.mRNA1",491.39537893112,-1.59548353355545,0.322105412286867,-4.94714530285216,7.53097611256229e-07,0.000278109333824867
"Mlu_18155.mRNA1",212.30865745609,2.300256552112,0.597822165416174,4.94354669281311,7.67139655838085e-07,0.000279657187792119
"Mlu_44664.mRNA1",1010.74314001157,0.97144719630928,0.196468833058258,4.94196233136432,7.7340160827481e-07,0.000279657187792119
"Mlu_34038.mRNA1",11252.0182488279,-1.35014696783615,0.274055758384661,-4.91924174543722,8.68801142432995e-07,0.0003109143717245
"Mlu_08122.mRNA1",1346.48679234165,2.76320144085881,0.604951255254551,4.90228333842253,9.47290693151429e-07,0.000335543896238424
"Mlu_40320.mRNA1",532.87183359191,-1.27989100096739,0.261207022091129,-4.8992101244152,9.62226969710966e-07,0.000337391765652291
"Mlu_28952.mRNA1",252.360827070629,1.43265957447788,0.293257868760456,4.88680968615824,1.02483071077606e-06,0.000355749484631693
"Mlu_02820.mRNA1",1249.74742936156,1.45767476744389,0.298492023694161,4.88243053482503,1.0478615834278e-06,0.00036014276381712
"Mlu_06147.mRNA1",445.235222970813,-0.998267756512431,0.205436981046325,-4.85911234888824,1.17913211568895e-06,0.000400809415244797
"Mlu_22038.mRNA1",1762.0903233049,0.989464759391948,0.203668210696149,4.85741578532464,1.18927692133247e-06,0.000400809415244797
"Mlu_14175.mRNA1",770.400457983431,0.988877527427017,0.203985874415385,4.84779943866813,1.24838515257161e-06,0.000412716131440174
"Mlu_27592.mRNA1",49.9476702214921,2.50080425670564,0.504952868010982,4.84789387879052,1.2477911541818e-06,0.000412716131440174
"Mlu_15034.mRNA1",28.1309687688399,2.19721826342705,0.445717597746229,4.83342198947228,1.34205883750395e-06,0.000433278513039035
"Mlu_22343.mRNA1",6640.95325394304,-0.879521112960704,0.181906251910409,-4.83459200313957,1.33418989178721e-06,0.000433278513039035
"Mlu_26119.mRNA1",121.892564391905,-1.5623976832751,0.323401361395822,-4.82894284548914,1.37259794447423e-06,0.000433278513039035
"Mlu_35755.mRNA1",32.4438193167207,2.08707645990125,0.429649560232535,4.83151093951702,1.35500771814393e-06,0.000433278513039035
"Mlu_40767.mRNA1",1030.81294016499,-0.815545539745547,0.168885410874525,-4.82888582403373,1.37299099571612e-06,0.000433278513039035
"Mlu_38762.mRNA1",921.947580368766,1.32501404013882,0.275901708121791,4.80527613481939,1.5453806685788e-06,0.000483286478814196
"Mlu_38638.mRNA1",35.9255688969277,2.48954754844748,0.510400207884037,4.79743643408843,1.60709185734383e-06,0.000498098032535502
"Mlu_41620.mRNA1",258.508898342963,-1.61330327369885,0.336661261380053,-4.77940944087424,1.75810838058089e-06,0.000540081559425702
"Mlu_28047.mRNA1",290.501518411729,-2.16017937769316,0.594728445965907,-4.76797913708254,1.86083048084836e-06,0.000566622881418324
"Mlu_18090.mRNA1",272.427089564086,-1.09519639325216,0.230516166843686,-4.75059357524644,2.02820411278304e-06,0.000609166168498449
"Mlu_33035.mRNA1",56.5123583923745,2.13517211273067,0.450456332637875,4.74985326565939,2.03564300250108e-06,0.000609166168498449
"Mlu_24964.mRNA1",218.340758483804,-1.66561896395198,0.349550927448255,-4.7475377726224,2.05907944288849e-06,0.000610913031632376
"Mlu_25563.mRNA1",185.446868855505,-1.22921983987169,0.259232942954943,-4.74342141692747,2.10138482599149e-06,0.000618181114107139
"Mlu_45821.mRNA1",535.485036474034,-1.16118166508031,0.244968967742975,-4.73967341736589,2.14062959148051e-06,0.000619230625075523
"Mlu_46233.mRNA1",215.820115407751,-1.22605166302262,0.25848941661147,-4.74108822463088,2.12573334681409e-06,0.000619230625075523
"Mlu_07606.mRNA1",185.555592279927,2.59270822847288,0.604841687046669,4.73399419167755,2.20144028600131e-06,0.00063155864998317
"Mlu_29960.mRNA1",274.845604077644,2.50795234300905,0.52558077269189,4.71650931954212,2.39925382226333e-06,0.000682666376493664
"Mlu_11051.mRNA1",865.618625713567,1.04926737786128,0.222539770340698,4.7138867794218,2.43035738365592e-06,0.000685894275275187
"Mlu_12200.mRNA1",81.5239538816046,1.49831178818256,0.315583984305431,4.7084279699528,2.49634547796583e-06,0.000698835811101838
"Mlu_44844.mRNA1",1625.34251421037,-0.72092195855499,0.153242027558261,-4.70412731038422,2.54954126965514e-06,0.00070801780874831
"Mlu_42797.mRNA1",16.4786102841438,2.7260144991103,0.550143506663211,4.69286791961874,2.69401434005283e-06,0.000742200950684555
"Mlu_18475.mRNA1",28.381625479813,2.31413366674936,0.480777498169418,4.6797627365971,2.87207091332888e-06,0.000785025178066026
"Mlu_37091.mRNA1",47.6010953008605,-1.96888262254705,0.41697637679781,-4.67803096040546,2.89642821185442e-06,0.000785497754047677
"Mlu_45696.mRNA1",139.449216540627,1.13420496482525,0.24342985482217,4.66748761901581,3.04905116585679e-06,0.000820478396282067
"Mlu_21842.mRNA1",190.867270672566,2.76091970547638,0.586527121560199,4.65038638837151,3.31313719666953e-06,0.000884684088522994
"Mlu_00267.mRNA1",31.5359716173889,2.72398905229345,0.559892824874331,4.64247850765289,3.44254457847936e-06,0.000905310984490561
"Mlu_10547.mRNA1",519.503109202668,1.0730472173828,0.231029180763857,4.6432327345675,3.42999604850983e-06,0.000905310984490561
"Mlu_12943.mRNA1",2142.045877593,-1.34828732417868,0.290978984673066,-4.63115139158269,3.63637852756281e-06,0.000949094795693892
"Mlu_43725.mRNA1",26.2269876049135,2.72875047053324,0.567720095147197,4.61649281715003,3.90279524271382e-06,0.00101102784522631
"Mlu_15761.mRNA1",23.6609881608497,2.57773575091408,0.537697332193098,4.60324260370258,4.159632039033e-06,0.00106337567434013
"Mlu_29174.mRNA1",505.010047356047,-1.10693921232002,0.240672458880694,-4.60139188857778,4.19676972271476e-06,0.00106337567434013
"Mlu_39480.mRNA1",221.154910716832,1.57108606956581,0.341215218431203,4.60166023044143,4.19136536978501e-06,0.00106337567434013
"Mlu_39743.mRNA1",108.070382512327,-1.56633112319225,0.339556317120597,-4.59319278355832,4.3651545833777e-06,0.0010980261670492
"Mlu_02012.mRNA1",252.907302207073,1.40795700144767,0.306235909428214,4.58937759300735,4.44569604916212e-06,0.00110231033538975
"Mlu_32548.mRNA1",699.878159687831,-1.21270521764137,0.26407713475675,-4.58965790672701,4.43973028707513e-06,0.00110231033538975
"Mlu_19531.mRNA1",457.71635692648,2.73685717504602,0.592619799084356,4.57970739993873,4.65626865725144e-06,0.0011382609429519
"Mlu_21907.mRNA1",70.3590579053268,-1.72697166906053,0.376852230946824,-4.58010089930581,4.647516654984e-06,0.0011382609429519
"Mlu_26912.mRNA1",162.585728790665,1.81008103340771,0.393571965414818,4.56689365709275,4.9500497298423e-06,0.0011911840608628
"Mlu_31418.mRNA1",15.1243030963066,2.79411761849056,0.570763636470112,4.56779840798132,4.92873711043278e-06,0.0011911840608628
"Mlu_35379.mRNA1",5415.62377365067,-1.03652655596009,0.226973403856398,-4.56580943985606,4.97570618572597e-06,0.0011911840608628
"Mlu_02418.mRNA1",264.699491065192,0.934184293921532,0.205466802239195,4.5477553763835,5.42211066012474e-06,0.00127174140097912
"Mlu_15613.mRNA1",2178.61310652179,-1.14081330140932,0.250843266113999,-4.54803348272123,5.41495219443412e-06,0.00127174140097912
"Mlu_33865.mRNA1",47.3306276673948,2.17503791168148,0.470085847267556,4.55033056147905,5.35617033991382e-06,0.00127174140097912
"Mlu_35375.mRNA1",52.1735917202646,1.58961119630419,0.346521496955273,4.5452803287341,5.48621881535252e-06,0.00127814170293512
"Mlu_46587.mRNA1",912.311128183502,0.773301898397269,0.17036108958362,4.53980700876478,5.63057411163518e-06,0.00130302746091461
"Mlu_45017.mRNA1",262.51447773718,-1.23297561570251,0.271933786917534,-4.5288324399566,5.93105085290739e-06,0.00136347396196672
"Mlu_27513.mRNA1",15.0502388716027,3.03695862663029,0.60180578789192,4.51229411485154,6.41301751111427e-06,0.00146457287410072
"Mlu_25803.mRNA1",148.892909761362,-1.48022491474621,0.326790133364567,-4.49962134260428,6.80746129156538e-06,0.00154449283538633
"Mlu_06359.mRNA1",48.0980432069558,1.66760570172991,0.368338610145039,4.49243929571396,7.04119924021642e-06,0.00156764460540854
"Mlu_08305.mRNA1",489.716829367799,1.21308180642113,0.27010243790544,4.49290061040541,7.0259580311701e-06,0.00156764460540854
"Mlu_21839.mRNA1",212.152712130944,1.26782717582313,0.281968290853517,4.49232486306437,7.04498483115063e-06,0.00156764460540854
"Mlu_21773.mRNA1",115.233542466278,-1.61079418346281,0.356906347811794,-4.48909622521695,7.15259845588299e-06,0.00158145318598131
"Mlu_16872.mRNA1",11.6933515172262,3.06485886250344,0.586716812113023,4.47699374738308,7.57014657375151e-06,0.00166318036718124
"Mlu_00577.mRNA1",15.5100038332683,-2.97119590044016,0.593575922668948,-4.47130682879071,7.77430636672088e-06,0.00169729243338353
"Mlu_03536.mRNA1",56.7997040549431,1.75290430883755,0.389804734672202,4.46131789057472,8.14571512635366e-06,0.00176726380738197
"Mlu_36640.mRNA1",615.751113926219,0.987055477934112,0.221665499987284,4.45025676557598,8.57676839266564e-06,0.00184922584605343
"Mlu_08492.mRNA1",641.607164046942,0.9007888239528,0.202576867519375,4.44336468095947,8.85628652216408e-06,0.00188606303094406
"Mlu_18717.mRNA1",445.517521481311,1.01401600784462,0.228033862826946,4.44405534218063,8.82788807700558e-06,0.00188606303094406
"Mlu_05361.mRNA1",451.558658649517,0.898631970884777,0.202364035812048,4.4401742972822,8.98860480262059e-06,0.00190256974703273
"Mlu_19276.mRNA1",22.5231362207096,-2.52307393516277,0.578984478794019,-4.43877331791387,9.04730413961976e-06,0.0019033882945371
"Mlu_01831.mRNA1",9.42744660255022,3.18147108063011,0.591044168778152,4.43344537350308,9.27390128136544e-06,0.00193930683843397
"Mlu_34727.mRNA1",14.688345049358,-2.82731820017144,0.586441143300001,-4.43146293634121,9.3595902690248e-06,0.00194550573059076
"Mlu_42448.mRNA1",408.384216021157,2.46075754507774,0.604524205653343,4.42753813036711,9.53147267997954e-06,0.00196944054250077
"Mlu_34957.mRNA1",918.232128216125,-0.741176252298156,0.167729532162963,-4.41806870980559,9.95867649822389e-06,0.00204553572356714
"Mlu_01131.mRNA1",24.6595877349531,2.43312507860953,0.539511318946516,4.4159592844861,1.00563013277159e-05,0.0020534375764059
"Mlu_08406.mRNA1",503.324157896283,0.932307054933518,0.211267066983701,4.40885501545768,1.03918561981536e-05,0.00208515898385264
"Mlu_30411.mRNA1",445.721259807723,-1.37170907287858,0.311230104959307,-4.40907334763034,1.03813863552872e-05,0.00208515898385264
"Mlu_32802.mRNA1",24.2196265771948,2.65470873677491,0.575189247372827,4.41041762031957,1.03171450689886e-05,0.00208515898385264
"Mlu_25743.mRNA1",176.862022339544,-1.55863429137351,0.354009051480036,-4.40366509418939,1.06437215343173e-05,0.0021234224460963
"Mlu_03534.mRNA1",24.0096609260459,2.16493318137796,0.481617419340849,4.38120786828143,1.18023206400405e-05,0.00231048141648473
"Mlu_04113.mRNA1",862.475527996123,-1.01379250780445,0.231296258825202,-4.38279916721298,1.17164111473221e-05,0.00231048141648473
"Mlu_09277.mRNA1",745.264726601933,-2.53073521364609,0.580976318946421,-4.3803736284363,1.18475986556703e-05,0.00231048141648473
"Mlu_11120.mRNA1",28.782358251175,2.23739044867794,0.516354073796222,4.38097545422585,1.18149181906426e-05,0.00231048141648473
"Mlu_34585.mRNA1",15.4283653226075,2.8564132307339,0.595817186271922,4.36835690071535,1.25184799669676e-05,0.00242767595024215
"Mlu_22422.mRNA1",76.067690522444,-1.79727755083739,0.408731050989011,-4.36209358557617,1.28823739702021e-05,0.00247311174228727
"Mlu_22971.mRNA1",730.772252182663,1.2789347360623,0.293252874737904,4.3618748686666,1.28952618717482e-05,0.00247311174228727
"Mlu_08754.mRNA1",36.3786238913583,-1.97757606769165,0.453162854673256,-4.35656990256824,1.32116512907237e-05,0.00251986841348841
"Mlu_06974.mRNA1",4759.33387243105,1.15966623269146,0.266910313628731,4.34674904752152,1.38170149605369e-05,0.00262092918210447
"Mlu_29389.mRNA1",1237.58762988562,-0.859781738912336,0.198611940712671,-4.32860689104877,1.50055499734707e-05,0.00283091117515808
"Mlu_23543.mRNA1",347.983887980453,-1.18681345164496,0.274687242917692,-4.31688212000136,1.58248614007039e-05,0.00296934277731154
"Mlu_27156.mRNA1",7279.73899767322,-1.02290171284634,0.237229916820631,-4.31161908686581,1.62063450155809e-05,0.00302457448669817
"Mlu_28621.mRNA1",78.9161075105076,1.74491057085411,0.404382255147399,4.30712423011605,1.65390731521277e-05,0.00305383428898834
"Mlu_32848.mRNA1",183.447945549719,-1.54048161234407,0.356693489617533,-4.30800937451366,1.64730404956971e-05,0.00305383428898834
"Mlu_10295.mRNA1",402.845711171229,-1.10232249457201,0.256480169225665,-4.29568508181993,1.74154666205997e-05,0.00318873621542647
"Mlu_45144.mRNA1",338.257307190883,-1.41201567318891,0.327785751271057,-4.29520243218437,1.74534001939051e-05,0.00318873621542647
"Mlu_07866.mRNA1",1043.27166029784,-0.998537896841595,0.232814014433351,-4.28914337056209,1.79363567428987e-05,0.00325582917453918
"Mlu_24200.mRNA1",155.141556968312,-1.23719560377345,0.287833996038985,-4.28825515414358,1.80082159856976e-05,0.00325582917453918
"Mlu_05087.mRNA1",15.0447509818837,2.68187241505635,0.587805567862538,4.28594890811755,1.81960807283343e-05,0.00327274896540242
"Mlu_44557.mRNA1",60.534459060663,1.89943884821824,0.438206464992432,4.28360025690279,1.83893178019777e-05,0.00329045561268068
"Mlu_20959.mRNA1",2637.06997459993,0.805137337988928,0.188014115137647,4.28114294739714,1.85935867202947e-05,0.00330994449139278
"Mlu_27712.mRNA1",51.7628736452909,1.83151763475002,0.427344285769177,4.27825560743093,1.88363648352458e-05,0.00331912046967456
"Mlu_28703.mRNA1",182.606077785734,-1.13128007416519,0.264141386033365,-4.27912565736444,1.87628918116326e-05,0.00331912046967456
"Mlu_12225.mRNA1",5129.51744565886,-0.953201835381949,0.223027232917676,-4.2733168690508,1.92586465668085e-05,0.00337639090037184
"Mlu_17113.mRNA1",138.353058319717,-1.42369278442031,0.333267292249783,-4.25969289449481,2.04707971097977e-05,0.0035708682415699
"Mlu_10497.mRNA1",4472.2516651439,-1.1185427563459,0.262510634835654,-4.25743468477583,2.06786046597218e-05,0.00358908201776461
"Mlu_20476.mRNA1",247.857239802229,-1.51272266204138,0.354301764219164,-4.25544424312194,2.08634353330416e-05,0.00360314642147201
"Mlu_44258.mRNA1",316.239813901379,-1.08675688293441,0.255227031150631,-4.25390626946668,2.10073263036612e-05,0.00361003622761877
"Mlu_31417.mRNA1",483.857617059046,1.35748948978919,0.319305780570513,4.24999906518013,2.13771407667051e-05,0.00365549107110657
"Mlu_20745.mRNA1",148.913909791932,-1.52422310986832,0.358212952465915,-4.24786174474081,2.15820507079173e-05,0.00367243983443104
"Mlu_03009.mRNA1",88.497223217608,1.46588379958028,0.346625490112856,4.24598385801569,2.17636299457179e-05,0.0036852726161254
"Mlu_45339.mRNA1",24.5936927052624,2.19393612666517,0.536265274016801,4.24329169979981,2.20264823278248e-05,0.00371167612158146
"Mlu_38673.mRNA1",556.716431607185,-1.00196183918795,0.236921282748235,-4.22616224406515,2.37710629718432e-05,0.0039863039079304
"Mlu_26034.mRNA1",551.015830811005,1.05928126195019,0.251008973674717,4.22068400342776,2.43562156587116e-05,0.0040647947796195
"Mlu_01455.mRNA1",211.3344694942,-1.05390888026406,0.249484806596763,-4.21729417607918,2.47251326893851e-05,0.00410661976577333
"Mlu_32519.mRNA1",1776.60680060134,-0.901339525827906,0.213972011930832,-4.21292762343952,2.52081857024055e-05,0.00416691309660762
"Mlu_15732.mRNA1",1045.34075020662,1.26492542571234,0.30039744737555,4.21039693144747,2.54922404185951e-05,0.0041741138757108
"Mlu_41241.mRNA1",203.193462150758,2.51836903233789,0.603923051176476,4.21066317535883,2.54622134731787e-05,0.0041741138757108
"Mlu_05572.mRNA1",250.581957703658,1.20844521534712,0.287345310802579,4.20327629262745,2.63079144337775e-05,0.00428744898469352
"Mlu_26415.mRNA1",9.31413221252956,2.89009115115944,0.599528347838499,4.19640889062537,2.71180477910496e-05,0.00437836647893351
"Mlu_33990.mRNA1",276.882726611913,2.51650630515316,0.603164012353287,4.1973471983171,2.70059748632463e-05,0.00437836647893351
"Mlu_27466.mRNA1",14.6024994327035,2.5618855070442,0.570265638192987,4.19304018501714,2.75240662631702e-05,0.00442334681571032
"Mlu_18598.mRNA1",14.5310247440944,2.64387690114165,0.593407816509319,4.1840266576243,2.86390505481232e-05,0.00458132424735946
"Mlu_32248.mRNA1",621.688149360579,-2.07872357148771,0.501391506399305,-4.17786601586411,2.94256900566017e-05,0.00468556871071017
"Mlu_03239.mRNA1",104.521453315157,-1.76770512243998,0.424318790934341,-4.17314608727024,3.00422174395762e-05,0.00476189723278542
"Mlu_24950.mRNA1",874.228851335917,1.70573298230153,0.576768877710345,4.17070759173391,3.03655294257197e-05,0.0047912664679773
"Mlu_26733.mRNA1",47.6532677972023,-2.19785502551344,0.512927905166783,-4.16277787323725,3.14399181067594e-05,0.00493834333592733
"Mlu_03912.mRNA1",129.052433544478,0.938367457867604,0.225568150004262,4.16021969497982,3.17941610566307e-05,0.00494252874163226
"Mlu_10296.mRNA1",18.0736005948958,2.3695452327368,0.565592024659115,4.15950565577405,3.18937123880283e-05,0.00494252874163226
"Mlu_25390.mRNA1",662.308971231713,-0.990241676161758,0.237921072999051,-4.16081769577707,3.1711015035798e-05,0.00494252874163226
"Mlu_18797.mRNA1",71.3263836320255,-1.16157772070589,0.278293883314169,-4.15652141695524,3.23129893370062e-05,0.00498524799491331
"Mlu_38788.mRNA1",84.5171672414243,1.27637887554772,0.306762695922206,4.15280018199821,3.28431504776406e-05,0.00504462071916079
"Mlu_38728.mRNA1",229.089569124843,-1.41011767440163,0.33997707352895,-4.15089263744372,3.3118110084759e-05,0.00506444473732264
"Mlu_01550.mRNA1",1431.31244968799,-0.72405358193085,0.174600319804782,-4.14647329590762,3.37635537478534e-05,0.00514050105811067
"Mlu_12432.mRNA1",104.407564263787,1.15792043213238,0.279000672994266,4.14418070064383,3.41030759247385e-05,0.005169519976312
"Mlu_10122.mRNA1",617.98092576756,1.08454379233901,0.262046684440274,4.14257958768742,3.43421134162595e-05,0.00518312079573311
"Mlu_08461.mRNA1",18.7674153575719,2.30943064078738,0.542247269943573,4.1360907058364,3.53272595704282e-05,0.00524066308319775
"Mlu_12578.mRNA1",10.6264660081522,2.76714935483234,0.596718311062313,4.13758349186181,3.50982750740191e-05,0.00524066308319775
"Mlu_33034.mRNA1",79.5186624257115,1.2036536724223,0.291803552262011,4.13873066645346,3.49232638470349e-05,0.00524066308319775
"Mlu_43104.mRNA1",175.155930369425,-1.00416092692001,0.242711135939066,-4.13702352514358,3.51840049457438e-05,0.00524066308319775
"Mlu_26146.mRNA1",429.254613358571,-1.06662802070699,0.258368707073861,-4.1269446733391,3.67614792195934e-05,0.00543021799212658
"Mlu_04104.mRNA1",1804.52924743445,-0.90863874465432,0.220278186781288,-4.12526700471717,3.70304900099811e-05,0.00544021419981903
"Mlu_29557.mRNA1",1005.3732930269,2.09487405690628,0.500248996835643,4.12457130651151,3.71425911144848e-05,0.00544021419981903
"Mlu_13621.mRNA1",155.364040644258,-1.50916317353021,0.364809083420003,-4.12115355183519,3.7698004955197e-05,0.00549836489920064
"Mlu_39891.mRNA1",819.845416730647,-0.679102143978231,0.164905053978925,-4.11888045011458,3.80717589809536e-05,0.00552964422387381
"Mlu_05595.mRNA1",367.010428368323,-0.90685755160375,0.220277037869628,-4.11558255873312,3.86202725909391e-05,0.00558593967687195
"Mlu_44887.mRNA1",1233.31367176139,-0.976176935056961,0.237213412314633,-4.11422938466096,3.88474992097597e-05,0.00559549062269041
"Mlu_11056.mRNA1",498.641219987582,-1.32016551739667,0.321462395943797,-4.10695135761961,4.00915617004154e-05,0.00574236455650786
"Mlu_30895.mRNA1",3515.94086330651,-0.998533377162889,0.242975379414908,-4.10444373734662,4.05288887835804e-05,0.00574236455650786
"Mlu_40433.mRNA1",86.2099936836628,1.73789044070354,0.578635997887532,4.1045351678214,4.05128641691222e-05,0.00574236455650786
"Mlu_44606.mRNA1",319.940081777007,1.34797209483145,0.327989378568697,4.10622981248164,4.02169375586263e-05,0.00574236455650786
"Mlu_03441.mRNA1",21.2956736199042,2.04834084429218,0.498426197553825,4.10061401913502,4.12055349640732e-05,0.00574865149178136
"Mlu_05249.mRNA1",86.0975331321684,1.54583398825492,0.373222962733673,4.10096121453356,4.11437523378278e-05,0.00574865149178136
"Mlu_11832.mRNA1",57.4449996417507,1.77743701356442,0.43716644099356,4.10044478454068,4.12356817749419e-05,0.00574865149178136
"Mlu_28020.mRNA1",216.394047269347,-2.44047637739672,0.575659492631325,-4.10104876217914,4.11281873170271e-05,0.00574865149178136
"Mlu_16599.mRNA1",547.834317578444,1.07872893742333,0.263052215137714,4.09950737760818,4.14030472765825e-05,0.00574889592044803
"Mlu_12212.mRNA1",895.168960102989,1.67753089211877,0.57527149766092,4.09720774098741,4.18163608091021e-05,0.00578315272018471
"Mlu_13856.mRNA1",6.16217528448318,2.46606639191818,0.604388362966189,4.07932741787988,4.5166186060239e-05,0.00616936390791124
"Mlu_39072.mRNA1",57.756854228858,2.28350856586704,0.604537594668637,4.07854112034931,4.53191874801371e-05,0.00616936390791124
"Mlu_40864.mRNA1",231.339367249206,-0.904985472472302,0.221943342428791,-4.07853774417343,4.53198454906625e-05,0.00616936390791124
"Mlu_43822.mRNA1",109.743911777482,1.3518194255577,0.331040152774466,4.0789889484418,4.52319868645178e-05,0.00616936390791124
"Mlu_18055.mRNA1",521.857708138639,-0.786325292673894,0.192986584680928,-4.07331589162295,4.63484923260777e-05,0.00628474693013725
"Mlu_02250.mRNA1",21.4079723142543,2.28935793797641,0.564932892911351,4.06748318137702,4.75236373593951e-05,0.006401634919261
"Mlu_07153.mRNA1",96.3819763171629,-1.23962678925321,0.304141178968818,-4.06721008879659,4.75793451781563e-05,0.006401634919261
"Mlu_09302.mRNA1",605.181660449561,-1.00190179460246,0.246458202779009,-4.06559249514673,4.79105877025057e-05,0.00640623483352672
"Mlu_23931.mRNA1",202.51521521041,-1.13291147647347,0.27857891004945,-4.06524208410046,4.79826306201408e-05,0.00640623483352672
"Mlu_38901.mRNA1",98.0272527229484,1.18456027803837,0.291763850552315,4.06164114131063,4.87289431200979e-05,0.00648094943497302
"Mlu_12773.mRNA1",414.104347261305,-1.05320718635429,0.259857971686379,-4.05139496590402,5.09131803575741e-05,0.00674560774714683
"Mlu_16950.mRNA1",2808.03627470099,-1.03542538048327,0.255787143459098,-4.04549167686862,5.22134208854868e-05,0.00689157596653195
"Mlu_27509.mRNA1",599.631594429791,-0.756242031094101,0.187174695895914,-4.04018857489787,5.34082410593343e-05,0.00702257678747224
"Mlu_15141.mRNA1",262.764247412274,0.915267050800068,0.226539229153203,4.03628316867749,5.43046675185873e-05,0.00708675911117564
"Mlu_21114.mRNA1",123.442055044045,1.42729614852883,0.354659278889902,4.03659928349385,5.42315812434355e-05,0.00708675911117564
"Mlu_15651.mRNA1",159.429364999264,2.21457155499135,0.550666830399513,4.0344554870678,5.47290634458353e-05,0.00711539318125573
"Mlu_13801.mRNA1",209.182570908839,1.04618688886308,0.260086123463969,4.02533401071654,5.68945013075639e-05,0.00734192871334374
"Mlu_40305.mRNA1",2586.02942556513,0.608215182749261,0.151062141009251,4.02588568126385,5.67612618640685e-05,0.00734192871334374
"Mlu_22108.mRNA1",1712.58532235434,-0.880054302155776,0.218609401598349,-4.02416144437258,5.71786841220089e-05,0.00735127282195294
"Mlu_32439.mRNA1",105.226008139942,1.26754045707109,0.315233512035683,4.02070763218109,5.80235818152576e-05,0.00743237120130272
"Mlu_07533.mRNA1",379.641003419409,-1.15454162270068,0.287393050599073,-4.01899477052384,5.84469679765826e-05,0.00745301262916388
"Mlu_09568.mRNA1",122.019519809405,1.16272363861335,0.289822893612251,4.01832171169519,5.86141344096373e-05,0.00745301262916388
"Mlu_12280.mRNA1",138.217574469677,1.12650883662438,0.281552589123459,4.01716645909833,5.89021185176603e-05,0.00746229649672825
"Mlu_04992.mRNA1",54.9952032649144,1.48000966106064,0.368443728117137,4.013185957402,5.9904683585248e-05,0.00755563837721587
"Mlu_39174.mRNA1",3010.7751210444,-0.682985814382657,0.170192814084566,-4.01251911007058,6.00742140440636e-05,0.00755563837721587
"Mlu_23595.mRNA1",26.8647507908856,2.04143249145149,0.494672533522295,4.00793190439522,6.12527746796559e-05,0.00767605620019818
"Mlu_12585.mRNA1",1871.14745104806,-2.32984356130398,0.593636613375275,-4.00687926262162,6.15262942363222e-05,0.00768259802814911
"Mlu_04683.mRNA1",6.76588346407597,2.3296823832966,0.602505622613038,3.99597449580364,6.4428670445915e-05,0.00798754441853231
"Mlu_37621.mRNA1",7.41033881924686,2.70164509569109,0.597030394993483,3.99639828333405,6.43134965147862e-05,0.00798754441853231
"Mlu_27285.mRNA1",17.3296173424121,2.25870046412319,0.543002734478817,3.99453256028409,6.48220132264146e-05,0.00800771012501256
"Mlu_18276.mRNA1",221.929851046553,0.932043098386025,0.233858697990882,3.99194849701317,6.55326073934877e-05,0.00805960440464004
"Mlu_23544.mRNA1",169.994338203041,-1.13935405303523,0.285786318046771,-3.99132035470204,6.57064513730629e-05,0.00805960440464004
"Mlu_16684.mRNA1",10.9288041241877,2.36021076506589,0.563975484776836,3.98999797201527,6.60738601967015e-05,0.00807613348242288
"Mlu_16008.mRNA1",14439.6499035861,-1.0942817610353,0.274338186598236,-3.9869303729412,6.69336578012702e-05,0.00812638310030661
"Mlu_44369.mRNA1",175.38361981573,1.5154775693683,0.379263798585587,3.98686117262829,6.69531750839078e-05,0.00812638310030661
"Mlu_32907.mRNA1",390.177342754192,-1.21481933741253,0.304571958781933,-3.98538299312083,6.73713698197147e-05,0.00814864933990159
"Mlu_42769.mRNA1",283.639956522495,0.808373449760866,0.20285389938746,3.98330082330004,6.79646354279435e-05,0.00819186246392432
"Mlu_37119.mRNA1",34.6091776878238,1.66778557952163,0.411779919534017,3.9810686076728,6.86061419705641e-05,0.00824057095579305
"Mlu_20881.mRNA1",418.833350595628,-2.23233830243654,0.566041216418108,-3.970907775837,7.15992936025633e-05,0.00857043544422682
"Mlu_34517.mRNA1",24.1099571579722,2.02221381435269,0.512447896616174,3.96639609877241,7.29675623815638e-05,0.0087042027249183
"Mlu_38128.mRNA1",202.805315313606,1.41655522397756,0.555884980661116,3.9654845568754,7.32469948512616e-05,0.00870761278175289
"Mlu_39109.mRNA1",966.027143186408,2.17970187150889,0.539422869852146,3.95998187495343,7.49554521551526e-05,0.00888030242546694
"Mlu_02158.mRNA1",763.053988561135,-1.23414739720027,0.311410696891596,-3.95909871376853,7.52331385659584e-05,0.00888288414639495
"Mlu_35989.mRNA1",21.6984950100399,2.37505429361797,0.576282293626086,3.95713008944098,7.58556249490228e-05,0.00892602138595061
"Mlu_25388.mRNA1",244.985511453992,1.66812243169825,0.575384013357462,3.95495442748156,7.65492419156173e-05,0.00897720890073251
"Mlu_33779.mRNA1",83.9880163045415,1.39242335271606,0.350372290000031,3.9510122553226,7.78213388002874e-05,0.00909566375008207
"Mlu_31144.mRNA1",1253.12086776767,0.837409082435536,0.212361067219157,3.94271190063548,8.05654133823027e-05,0.00938478924409353
"Mlu_22109.mRNA1",895.175843213466,0.696579865901186,0.176865717708733,3.94034275126455,8.136527181242e-05,0.00944626314523257
"Mlu_11531.mRNA1",1449.21044931066,0.738431241977086,0.187782789116992,3.93172373612806,8.43389533531881e-05,0.0097588602924974
"Mlu_40294.mRNA1",767.85555325006,0.66367613647353,0.168891002808812,3.9288499307747,8.53530808764387e-05,0.00981079965716496
"Mlu_45882.mRNA1",244.280438124768,1.17437350741224,0.299093815282645,3.92911747605704,8.525818347432e-05,0.00981079965716496
"Mlu_35460.mRNA1",605.24461560686,-1.13241110680398,0.288846699800543,-3.91869075889758,8.90312529305764e-05,0.0101998081946505
"Mlu_22228.mRNA1",48.6592930830247,-1.61820834170533,0.40850860826872,-3.9162166617514,8.99494174761759e-05,0.0102710991080608
"Mlu_07986.mRNA1",465.346066841378,1.27709573465494,0.326499956156658,3.90841921364074,9.29020018937802e-05,0.0105194349540551
"Mlu_17341.mRNA1",1138.86611131057,2.16772576520521,0.6022517268559,3.90807781257297,9.30333457464042e-05,0.0105194349540551
"Mlu_35530.mRNA1",402.896180529114,1.15918075503468,0.295916656681606,3.90888763174127,9.27220769937435e-05,0.0105194349540551
"Mlu_44612.mRNA1",7891.25345310993,-0.836966806610943,0.214432489987908,-3.90377825116552,9.47025566993235e-05,0.0106734086061806
"Mlu_29004.mRNA1",240.313491719151,1.24337172418376,0.318738185514583,3.90275507852915,9.51039263101551e-05,0.010683956614901
"Mlu_44172.mRNA1",362.079102200547,1.05843429720564,0.27136614934965,3.90165797111231,9.55360833899928e-05,0.0106978840732801
"Mlu_07095.mRNA1",16.6498699109026,-2.09910366859134,0.527536220518428,-3.89909849779689,9.65514950646674e-05,0.0107682713330236
"Mlu_36157.mRNA1",40.1134800859996,1.76933276628697,0.453806086048238,3.89851330181963,9.67850850085948e-05,0.0107682713330236
"Mlu_06996.mRNA1",50.2915053295909,-1.30636697421981,0.333268027537475,-3.89708699986646,9.73566524296338e-05,0.0107972571111498
"Mlu_00921.mRNA1",180.576127575723,2.33299461272603,0.595794381738144,3.89477187574597,9.8291190702362e-05,0.010866185040927
"Mlu_46496.mRNA1",94.5478072629264,-1.27297190371152,0.327819938863285,-3.88868331392142,0.000100789529024032,0.0111070060984483
"Mlu_12047.mRNA1",68.21491582948,2.3247678086861,0.605087522715809,3.88374843612753,0.000102858330064937,0.0112991177580511
"Mlu_00947.mRNA1",273.024073755969,-0.877624388773757,0.22594967909263,-3.8818519618612,0.000103663979847493,0.0113516963168645
"Mlu_41818.mRNA1",118.873331439837,1.04242220027439,0.268529102875735,3.88064290866506,0.000104180707941529,0.011372405392372
"Mlu_41987.mRNA1",8245.27905346254,-0.950840906126686,0.245013584002264,-3.8798679987784,0.000104513168034672,0.0113729329215912
"Mlu_07116.mRNA1",19.9060502920902,1.79717078447295,0.452381281531528,3.87713648473045,0.000105693073739497,0.0114653864647474
"Mlu_16400.mRNA1",1249.1937036414,-1.08791468770269,0.280748506523858,-3.87064728194942,0.000108546752701657,0.0116655833638781
"Mlu_42106.mRNA1",519.431892826338,0.640752024466011,0.165601336707653,3.87071112864141,0.000108518324833261,0.0116655833638781
"Mlu_43213.mRNA1",92.2342979047559,-1.17628015998731,0.302974063451349,-3.87135065743437,0.000108233960658723,0.0116655833638781
"Mlu_03503.mRNA1",441.935049622491,-1.21416365638143,0.31344675719543,-3.86958050334761,0.000109022778738457,0.0116805793776175
"Mlu_07402.mRNA1",286.007847797895,-1.19429427212394,0.309142392323774,-3.86524344027248,0.000110978452156465,0.0118171626064643
"Mlu_13008.mRNA1",25.2109169272268,2.0366564032253,0.518408172908673,3.86594657955212,0.000110659159909767,0.0118171626064643
"Mlu_03320.mRNA1",236.574969694707,-1.24445546241376,0.321191819869357,-3.861774802375,0.000112566303145485,0.0119131526862477
"Mlu_29432.mRNA1",283.707830203894,1.35472331696867,0.349659490894203,3.86217537321379,0.000112381843842943,0.0119131526862477
"Mlu_27607.mRNA1",1238.43439739577,-0.646212786971886,0.167484674470703,-3.85781516432108,0.000114405110104426,0.0120709561916564
"Mlu_09567.mRNA1",745.592438217619,-0.761412443588035,0.197553023367963,-3.85380968293424,0.000116294005559986,0.0122330721666781
"Mlu_24508.mRNA1",857.53346210909,-0.6337440907277,0.16451591721095,-3.85222177947829,0.000117050935055555,0.0122754957963247
"Mlu_13036.mRNA1",241.658037414671,0.872293465401896,0.227065697698565,3.84375231260409,0.000121167300511784,0.0126308723803771
"Mlu_18543.mRNA1",532.074890514674,-0.891324342214648,0.231682086462428,-3.84397536388353,0.000121057163951926,0.0126308723803771
"Mlu_13044.mRNA1",62.1645343038958,2.34824531632791,0.599832662386354,3.84148357778957,0.000122292919243152,0.0127100422325975
"Mlu_07033.mRNA1",816.382954090559,-1.89965026967756,0.492343185462728,-3.83962777374193,0.000123220987497578,0.0127302682708435
"Mlu_23029.mRNA1",53130.9098820981,-0.660605029447126,0.172020669849173,-3.83992832584287,0.000123070235307706,0.0127302682708435
"Mlu_21586.mRNA1",571.782567486467,0.731057822090904,0.190506321989633,3.83782154676057,0.000124130635480581,0.0127861921348291
"Mlu_12718.mRNA1",1511.14114551378,-1.1095414473032,0.289443399823614,-3.83441323768542,0.0001258643886792,0.0128503838947678
"Mlu_44819.mRNA1",413.141907801324,-0.775703374469422,0.202249083620473,-3.83556316272561,0.000125276904409611,0.0128503838947678
"Mlu_46719.mRNA1",1023.47634642649,-1.18665759035011,0.309820076367435,-3.83488581281135,0.000125622641541559,0.0128503838947678
"Mlu_34894.mRNA1",3404.9268764852,-0.688504510888575,0.179919490099604,-3.82648961913721,0.000129983628384883,0.0132320284226523
"Mlu_25795.mRNA1",1569.60069225424,-0.802880014916065,0.209797907060779,-3.82524128378773,0.000130644069394209,0.0132603730435122
"Mlu_04802.mRNA1",90.302933753002,1.86969351442064,0.58926363670645,3.82301295604953,0.000131830849731392,0.0133418200779178
"Mlu_08210.mRNA1",68.9441515506676,1.3334529498921,0.348311785183801,3.82201010873986,0.000132368262164628,0.0133436481455316
"Mlu_42260.mRNA1",142.996267740422,-0.924115958919415,0.241799547385987,-3.82154592320439,0.000132617711238107,0.0133436481455316
"Mlu_45059.mRNA1",2138.28310839565,-0.701222312156728,0.18359450912111,-3.81946434455629,0.000133741789315894,0.0134178576084469
"Mlu_03247.mRNA1",214.751783749525,-1.07644689488389,0.281681798821449,-3.81687948581249,0.000135150141252477,0.0135200773870237
"Mlu_06820.mRNA1",264.83248136677,-1.99240598420225,0.51876320725532,-3.81286462450174,0.000137365360616995,0.0136238964659935
"Mlu_14259.mRNA1",271.959121706083,0.939834901015414,0.246356936995205,3.81409478711244,0.000136683003815484,0.0136238964659935
"Mlu_18502.mRNA1",167.20090561102,1.18820015305695,0.311660661459692,3.81287807674854,0.000137357881489808,0.0136238964659935
"Mlu_12161.mRNA1",328.312816625672,0.824106239077777,0.216598180651863,3.80611357859197,0.000141167574208644,0.0139611111210959
"Mlu_40490.mRNA1",53.128640240407,-1.7626617233957,0.454579035067488,-3.80375831324256,0.000142517232794705,0.014054547448871
"Mlu_44291.mRNA1",380.066810953617,0.720394218494984,0.189447222105442,3.80233670439884,0.000143337741385477,0.0140954193108047
"Mlu_31492.mRNA1",1536.25521353849,-0.74212471643024,0.195307665664297,-3.79886219167152,0.000145361885301591,0.0142139355618989
"Mlu_33481.mRNA1",3334.7623023929,-0.810279767345053,0.213272164671594,-3.79908958313294,0.000145228595183629,0.0142139355618989
"Mlu_30877.mRNA1",113.452701852452,-1.62735164639238,0.426015750661265,-3.79414471196898,0.000148153253390422,0.014405725167904
"Mlu_40869.mRNA1",4768.85315099294,-0.657469317623914,0.173264682029734,-3.7944547441905,0.000147968266492741,0.014405725167904
"Mlu_13606.mRNA1",703.932474663756,-0.609651653989937,0.161390225532041,-3.77756240953276,0.000158370826495901,0.0153562192741682
"Mlu_01005.mRNA1",22.216720332157,1.98318561730817,0.517441223527212,3.77288253606533,0.000161372274177546,0.0155603215375699
"Mlu_17862.mRNA1",41.4638452085448,1.37222918035846,0.361759646529675,3.77299485951174,0.000161299612555642,0.0155603215375699
"Mlu_15846.mRNA1",975.86664180388,1.02877570498953,0.272879642444294,3.76951542315959,0.00016356480164484,0.0156187072853378
"Mlu_16895.mRNA1",45.3836690455821,-1.81696179183586,0.489585038988342,-3.7697474014326,0.000163412852304186,0.0156187072853378
"Mlu_17436.mRNA1",1421.79847015384,-0.558726386479478,0.148229431399893,-3.76919099276378,0.000163777531526027,0.0156187072853378
"Mlu_33133.mRNA1",227.443069720656,-0.94018566529945,0.249137845807021,-3.77040632278258,0.000162981972759592,0.0156187072853378
"Mlu_44839.mRNA1",43.8624353839392,-1.8753065082036,0.490076326483455,-3.76670280458178,0.000165417718465831,0.0157319048249436
"Mlu_28057.mRNA1",13.0615097895676,-2.40120869358846,0.600756408992944,-3.76260681317296,0.000168151454023127,0.0159482006106688
"Mlu_19160.mRNA1",271.722802597236,-1.1018607829021,0.293788047015402,-3.7572328795243,0.000171802600683894,0.0162500917644142
"Mlu_02503.mRNA1",555.444402118062,-0.862205586582307,0.229553055447866,-3.75424042164643,0.000173867920325198,0.016400753038719
"Mlu_15496.mRNA1",474.85534797382,-1.20736712854548,0.322034516677874,-3.74857792661408,0.000177840082637341,0.0166397918829919
"Mlu_28356.mRNA1",14.0250649265494,2.09719127360864,0.544393711850709,3.74870920982436,0.000177747030818013,0.0166397918829919
"Mlu_31471.mRNA1",350.015802375099,1.15912354173224,0.309745556950468,3.74960598974521,0.000177112628393816,0.0166397918829919
"Mlu_12929.mRNA1",19.2756025614463,1.93064679972569,0.503078613729908,3.74739079943402,0.00017868358510942,0.0166737722846863
"Mlu_26228.mRNA1",40.3998961393157,-1.90155350393047,0.495123377375937,-3.74639094937669,0.000179396936535148,0.0166954580641946
"Mlu_18289.mRNA1",139.207677171214,1.13764988878308,0.304255127636401,3.74152245510994,0.000182908830881391,0.0168864740595365
"Mlu_36276.mRNA1",3580.27666386988,-0.673843797942513,0.180044168275559,-3.74213105490878,0.000182466308385346,0.0168864740595365
"Mlu_40934.mRNA1",289.243350893884,-0.887728024979629,0.237215293598795,-3.74156186055898,0.000182880148037355,0.0168864740595365
"Mlu_42458.mRNA1",15.6473425444633,1.95533895930792,0.510118987858319,3.73530804813965,0.0001874855427618,0.0172630918989134
"Mlu_03413.mRNA1",509.267809295368,-0.958919444130949,0.256906959043936,-3.73230347988575,0.000189736712431141,0.017397008439169
"Mlu_15036.mRNA1",37.7102502955448,1.93115989369602,0.511997659639126,3.73199726393801,0.000189967565476821,0.017397008439169
"Mlu_31385.mRNA1",310.68832292906,1.03234194234234,0.276994667128999,3.73136713744259,0.000190443442136497,0.017397008439169
"Mlu_28156.mRNA1",253.792531913471,-0.834640000649551,0.223747069189823,-3.7294434571123,0.000191903161596826,0.0174843423845423
"Mlu_41735.mRNA1",1043.94926975286,-0.649117384228061,0.174220741591642,-3.72554287453778,0.000194895321103921,0.0177104745588492
"Mlu_26971.mRNA1",38.3172104493765,2.03115041200838,0.597591646701409,3.71909160329222,0.000199940537820532,0.0181215036275826
"Mlu_30297.mRNA1",4531.82597391089,-0.715553588673078,0.192848052446924,-3.71020897429689,0.000207088234693031,0.0187204528408833
"Mlu_31949.mRNA1",391.238620186772,1.86121722733367,0.496149096166875,3.70942509964359,0.000207730397686753,0.018729728038702
"Mlu_32088.mRNA1",276.912389251454,-0.94136681513806,0.253722633333851,-3.70865973379889,0.000208359202163797,0.0187377538464038
"Mlu_23497.mRNA1",149.47015080752,1.13649740002247,0.305947108205172,3.70660939628762,0.000210052526304744,0.0188412231152883
"Mlu_02685.mRNA1",1198.34875598993,-0.631046038226351,0.17035404252201,-3.70398076674821,0.00021224235735152,0.018988579769957
"Mlu_03321.mRNA1",706.114020790059,-0.827149950597732,0.223173365093398,-3.70183359857664,0.000214046987038085,0.0190518283616745
"Mlu_16434.mRNA1",262.818070549196,1.42209526183926,0.558232098523873,3.70193839979947,0.000213958571352142,0.0190518283616745
"Mlu_26297.mRNA1",1180.52211551401,-0.748620355347559,0.202467799268587,-3.69679257530841,0.000218340596693744,0.0193842893427875
"Mlu_05340.mRNA1",166.578294821463,-0.898655523430875,0.243286820141822,-3.69121432010378,0.00022318597646373,0.0196408816750662
"Mlu_19959.mRNA1",150.469943914053,-1.83902972454055,0.556856635086931,-3.69029993933148,0.000223989790026632,0.0196408816750662
"Mlu_24132.mRNA1",131.16672529041,-1.00314626533544,0.271523417605846,-3.69022040243183,0.000224059837620667,0.0196408816750662
"Mlu_45275.mRNA1",115.074798876524,-1.19332971678486,0.322359906636096,-3.69206596170956,0.000222439751861082,0.0196408816750662
"Mlu_46524.mRNA1",101.448137964748,-1.10162975902672,0.298593736236387,-3.69041875910701,0.000223885184569221,0.0196408816750662
"Mlu_37254.mRNA1",790.395175782475,-0.640534605313785,0.173714687634791,-3.68731588495951,0.000226631957521095,0.0198163101799239
"Mlu_40671.mRNA1",473.196960874931,0.742309699627915,0.20154325117123,3.68392428326379,0.000229670489635914,0.0200315369515867
"Mlu_15657.mRNA1",3791.81287004261,-1.03594790722774,0.281441559624181,-3.68186931978718,0.00023153008661525,0.0201431175355268
"Mlu_16292.mRNA1",119.649152206168,-2.07664354613421,0.562461693667798,-3.67170830937128,0.000240934580748926,0.0209089052538437
"Mlu_28727.mRNA1",326.960942999975,0.914809617618358,0.249423891330711,3.66945462142802,0.000243068478802397,0.0210414865453058
"Mlu_24690.mRNA1",90.6230577015825,1.46569111850131,0.399482193475492,3.66203654171174,0.000250218156901142,0.0216065245783814
"Mlu_06975.mRNA1",189.815460616837,0.910566396621227,0.24886291329896,3.65855655589983,0.000253639773011443,0.0218043421983065
"Mlu_33109.mRNA1",82.1427634200602,-1.29651093829157,0.352692443271856,-3.65789105005341,0.000254299094251263,0.0218043421983065
"Mlu_36396.mRNA1",4.22329955394983,2.17690547994729,0.601927350550689,3.65779597759303,0.000254393414291882,0.0218043421983065
"Mlu_31249.mRNA1",117.961310181716,-1.10462873928882,0.301242639619093,-3.65685286138964,0.000255330845083353,0.0218272820263889
"Mlu_37749.mRNA1",14.4700375384626,2.08341222438733,0.5637426843164,3.65626315549925,0.000255918640991567,0.0218272820263889
"Mlu_32286.mRNA1",135.015001659883,-1.22554805726088,0.335388508391585,-3.65411758457338,0.000258067987098289,0.0219566520493699
"Mlu_19570.mRNA1",1058.71002322982,0.767865933699529,0.210430124691692,3.64933126990821,0.000262923869268279,0.0223151009142048
"Mlu_36308.mRNA1",222.560694690709,-0.800085665557273,0.219438490701917,-3.64801834747954,0.000264270770264153,0.0223747103614135
"Mlu_09603.mRNA1",329.368068712451,2.14101693016464,0.576750780330106,3.64581059275842,0.000266550256047621,0.0225127957133359
"Mlu_02414.mRNA1",73.8465696646235,-1.49420711611452,0.413576538894135,-3.64182939952673,0.000270707455062053,0.022660220944727
"Mlu_08118.mRNA1",271.204937774802,-0.915299932671691,0.251094045271274,-3.64298231321138,0.000269497362600223,0.022660220944727
"Mlu_08138.mRNA1",12.3050483541833,2.31564894692413,0.598023614285744,3.64163982959679,0.000270906913607631,0.022660220944727
"Mlu_08930.mRNA1",347.048415883602,0.694104555673683,0.19057686541248,3.64269947201208,0.000269793761057853,0.022660220944727
"Mlu_27622.mRNA1",239.861936401103,0.776909916237076,0.21346992835405,3.63897020033943,0.000273730469008893,0.0228413600257348
"Mlu_00604.mRNA1",54.273920467928,1.92052807437042,0.593990297861283,3.63639153342374,0.000276483985549952,0.0230157999769676
"Mlu_15542.mRNA1",1002.31801341928,-0.719367175168251,0.197998607965773,-3.63268843114006,0.00028048361366163,0.0232928891890817
"Mlu_22162.mRNA1",17.2686316895325,-2.12148087535052,0.563990414484228,-3.62929313433074,0.00028419837312712,0.0235450551941807
"Mlu_40144.mRNA1",215.561694439064,-0.970108484759369,0.267509396500923,-3.6285829616325,0.000284981172693384,0.0235536939231082
"Mlu_09279.mRNA1",350.67494623726,-2.13441560583211,0.597475517673021,-3.62795655478435,0.000285673316317382,0.0235548166967347
"Mlu_04075.mRNA1",64.2276097616607,-1.10220210827889,0.303858138872462,-3.62590754994582,0.000287948366765203,0.0236301457577317
"Mlu_25157.mRNA1",120.495031353713,-1.19077059695466,0.328276382597301,-3.62604052557293,0.000287800207778654,0.0236301457577317
"Mlu_36251.mRNA1",1197.35575921145,-1.01510503473727,0.279781438400903,-3.62412130518688,0.00028994550696364,0.0237379207151623
"Mlu_07912.mRNA1",885.351057790678,-0.648980908269706,0.179150448033676,-3.62273076101864,0.000291509202500033,0.0238097857561968
"Mlu_11865.mRNA1",103.403573915342,1.01757180052408,0.281433638182227,3.61449077316427,0.00030093853273942,0.0245222518473791
"Mlu_05101.mRNA1",5.53977387404686,1.86503423929212,0.60219411708432,3.61163806414795,0.000304269024076793,0.0247355752524068
"Mlu_46798.mRNA1",66.5308977328692,1.51173070573527,0.566176782218582,3.60720576852405,0.000309512203823027,0.0251030306806279
"Mlu_18785.mRNA1",437.144486588839,-1.01401202082358,0.280878639067635,-3.60580852197972,0.00031118253439585,0.0251796720663943
"Mlu_01612.mRNA1",333.335921227293,-0.638786569493681,0.177205195888358,-3.60409862213796,0.000313238108248644,0.0252870568642679
"Mlu_18651.mRNA1",488.917640236121,0.712980296805008,0.197741802425921,3.60337741559689,0.000314108920059777,0.0252985219072739
"Mlu_09282.mRNA1",31.0725615737684,-1.40111188941742,0.387666225922995,-3.60272005124887,0.000314904620260246,0.0253001130771289
"Mlu_18654.mRNA1",169.965399234638,1.00595987557216,0.279189172403605,3.60215807892078,0.000315586349851548,0.0253001130771289
"Mlu_37660.mRNA1",384.440717723858,2.14273855015028,0.604991035857462,3.59862017056399,0.000319910021385401,0.0255876418717775
"Mlu_23060.mRNA1",13.7401553901264,2.15251364829946,0.57962205518228,3.59792731939239,0.000320763220040201,0.0255969049592081
"Mlu_10343.mRNA1",192.359615520532,-1.13298451519854,0.314800173992818,-3.59636531399016,0.000322694542225021,0.0256919624868283
"Mlu_15727.mRNA1",510.798149416861,-0.958704869460522,0.266514627086156,-3.5954778456257,0.000323796684611646,0.0257207192515425
"Mlu_15818.mRNA1",79.1673341843954,1.04215718402643,0.289772682127594,3.59197114327883,0.000328186197465592,0.026009880074482
"Mlu_09055.mRNA1",15.9511423893692,2.08128392474087,0.56517587573468,3.59116403738548,0.000329204345139678,0.0260311399381177
"Mlu_15656.mRNA1",21536.7295898105,-0.911395890728389,0.253665193919634,-3.58845648545074,0.000332641498379369,0.026243146211916
"Mlu_41582.mRNA1",411.485742283967,-1.11175968121465,0.309380193010676,-3.58755049831161,0.000333799099234795,0.0262747576683388
"Mlu_19591.mRNA1",42.9012787061222,1.3533894445763,0.375889447569669,3.58415303325632,0.000338173776582784,0.0265491777365345
"Mlu_24999.mRNA1",10.9627895331669,-2.07563149172872,0.550897735668028,-3.58365849080001,0.000338815018502716,0.0265491777365345
"Mlu_06151.mRNA1",42.8773250171098,1.54297643806797,0.434792533928207,3.58235186400369,0.000340514716470814,0.0265809014775258
"Mlu_32285.mRNA1",1858.82150551463,-0.812272491898189,0.226669014017193,-3.58173176748983,0.00034132414417868,0.0265809014775258
"Mlu_41142.mRNA1",71.5476311500932,1.30708532325439,0.362736057904714,3.58158417132299,0.000341517070232377,0.0265809014775258
"Mlu_07776.mRNA1",99.4098278042622,-1.04903306957284,0.292908884319302,-3.57600316858932,0.000348887423558186,0.0270598627707453
"Mlu_17112.mRNA1",77.276221474863,-1.4328646656708,0.399236234194808,-3.57574650565888,0.000349229928882375,0.0270598627707453
"Mlu_10473.mRNA1",229.869851615776,1.95279272051811,0.533791100895543,3.57419417674521,0.000351308155551454,0.0271602672687252
"Mlu_31435.mRNA1",40.3421045936373,1.36688710087001,0.381614111068179,3.57126618848939,0.000355259608059749,0.0273439618061598
"Mlu_43617.mRNA1",673.162754760945,-1.17618905743181,0.328103649451645,-3.57138024095667,0.000355104914246874,0.0273439618061598
"Mlu_09710.mRNA1",14.5840868491364,2.13401470310733,0.571027646954847,3.56953936677092,0.000357609477926137,0.0274639332018805
"Mlu_09497.mRNA1",6.28736475632311,2.33709051681483,0.604875266646351,3.56778567272357,0.00036001078640321,0.0275810591093741
"Mlu_19304.mRNA1",270.310657332605,0.908776630156157,0.254892566311536,3.56726715218781,0.000360723672274244,0.0275810591093741
"Mlu_31756.mRNA1",3449.35789205488,-0.81424890317442,0.228245661623254,-3.56391228453176,0.000365368093312316,0.027874774995935
"Mlu_00887.mRNA1",96.3763836016301,1.21513835143935,0.341255151020574,3.56069937952212,0.000369868343755417,0.0279722000365617
"Mlu_21272.mRNA1",16689.0834224096,-0.645819172006082,0.181338816866473,-3.56122466307056,0.000369129063554678,0.0279722000365617
"Mlu_35203.mRNA1",1595.89676120458,0.982523248620718,0.275492136313357,3.56127658701009,0.000369056061260549,0.0279722000365617
"Mlu_36954.mRNA1",68.0565047706103,-1.25248822917852,0.35271033768407,-3.56082964290563,0.000369684883067409,0.0279722000365617
"Mlu_42821.mRNA1",1657.25627310335,-0.709625863034761,0.199499024618438,-3.55644982504053,0.000375900232896194,0.0283665756185339
"Mlu_10778.mRNA1",189.507162644974,1.01113340932282,0.284212110930573,3.55544300905659,0.000377342735923206,0.0284136624557532
"Mlu_20417.mRNA1",495.789046518564,-0.810002512674093,0.227964094621343,-3.55240010185014,0.000381733936100178,0.0286775510313301
"Mlu_25571.mRNA1",55.1282608530239,1.71162247873671,0.477794370409301,3.55187293211761,0.000382499528346897,0.0286775510313301
"Mlu_14502.mRNA1",32.530414475282,-1.75167308085868,0.506027951565446,-3.54975224369994,0.000385593859711929,0.0288472406296987
"Mlu_41228.mRNA1",141.737043696913,1.19311603578888,0.336411971724675,3.54663066150566,0.000390191197188769,0.0291284022107822
"Mlu_37937.mRNA1",287.587513469268,-0.9184153570583,0.259159618414403,-3.54256002888378,0.000396263222766966,0.0295182086950852
"Mlu_44186.mRNA1",1500.78558729687,-0.721994139332715,0.203892255741565,-3.54147799373293,0.00039789204764022,0.0295760741964346
"Mlu_35230.mRNA1",469.992450355832,-2.01647081787403,0.567051273376342,-3.5408844895484,0.000398788124389754,0.0295793422263708
"Mlu_43603.mRNA1",246.258039753624,-1.96578180354358,0.543866637733311,-3.53953019877922,0.000400839906397435,0.0296681357585803
"Mlu_41654.mRNA1",10.6198538039038,2.00523522804004,0.552457166467394,3.53867459037176,0.000402141252149362,0.0297011261401294
"Mlu_08628.mRNA1",167.737123050871,-1.19825178608832,0.337654287685172,-3.53575639945018,0.000406609449987889,0.0299673754510182
"Mlu_05567.mRNA1",594.353037432607,1.01586202048868,0.287804137371364,3.5336616412116,0.000409845392539453,0.0301418709983518
"Mlu_13226.mRNA1",47.1219980680782,1.54925136522634,0.435870360160572,3.53161918348217,0.000413023689900186,0.0303113981976853
"Mlu_17531.mRNA1",44.0730348331183,1.35672166017632,0.382758482947485,3.53020929119529,0.000415231057136499,0.030409104823585
"Mlu_27546.mRNA1",207.888136700184,-0.859304623185849,0.243550096284002,-3.52953370704547,0.000416292670921316,0.0304226683909298
"Mlu_09127.mRNA1",2020.14291699864,-0.899248866603163,0.25495740182217,-3.52696594082764,0.000420350832291319,0.0304627107334625
"Mlu_10576.mRNA1",89.1820959256958,-1.33098752813905,0.375430446125484,-3.52751656296017,0.000419477516313322,0.0304627107334625
"Mlu_27524.mRNA1",107.470434497716,0.95497737404595,0.27064177696848,3.52779728051352,0.000419032935742257,0.0304627107334625
"Mlu_46646.mRNA1",1249.79428514581,0.514550653307692,0.145888365037338,3.52717273355701,0.000420022649128325,0.0304627107334625
"Mlu_26405.mRNA1",9.98209955409972,2.1414556903269,0.57811969169543,3.52447660195389,0.000424320287263418,0.0306225158664761
"Mlu_33304.mRNA1",276.293379530964,1.17515630530547,0.333150040392252,3.52502101208413,0.000423449201994478,0.0306225158664761
"Mlu_13343.mRNA1",274.219511855061,0.986417450094596,0.279501370218064,3.52270239398053,0.000427170740635832,0.030760647851403
"Mlu_14398.mRNA1",43624.0819229148,-0.483403453114336,0.137251991758768,-3.52210192790588,0.000428139495644362,0.030760647851403
"Mlu_19646.mRNA1",231.909282492729,-1.01179675796437,0.28651855747389,-3.52163592061012,0.000428892736441076,0.030760647851403
"Mlu_05921.mRNA1",145.853480179519,0.98341806053351,0.278986812827107,3.51926256122413,0.000432748201298861,0.0308547032752966
"Mlu_08830.mRNA1",150.780089307757,-1.88524170886607,0.548151611647395,-3.51973875322002,0.00043197205368864,0.0308547032752966
"Mlu_46409.mRNA1",442.044376402226,-1.07289569261137,0.30493384743825,-3.5191874791338,0.000432870696715048,0.0308547032752966
"Mlu_15430.mRNA1",873.638399176754,0.825461478590844,0.234864499523131,3.51765308877342,0.000435381135463736,0.0309700519576899
"Mlu_08171.mRNA1",164.963447755633,0.985890234647942,0.280848483585243,3.5145269196733,0.000440538018940875,0.0311560750527599
"Mlu_21431.mRNA1",1860.66321738812,-1.08141872046181,0.307344604524469,-3.51498343706742,0.000439781415813608,0.0311560750527599
"Mlu_22856.mRNA1",123.529290683682,0.977398170617842,0.277548725084622,3.51443598518376,0.000440688873070755,0.0311560750527599
"Mlu_39437.mRNA1",1235.91278187926,-0.987604801674276,0.281219117853512,-3.50968825277047,0.000448632353539679,0.0316532009927294
"Mlu_00154.mRNA1",428.106489939194,-0.732825036631649,0.208837229955045,-3.5084532028962,0.000450720521927351,0.0316717843677412
"Mlu_13245.mRNA1",203.805451457364,1.0966494433917,0.312710411952634,3.50847480780369,0.00045068391547292,0.0316717843677412
"Mlu_16892.mRNA1",73.5825676383727,1.19912689449228,0.341284274684544,3.50655211709272,0.000453952529138728,0.0318344528161468
"Mlu_31798.mRNA1",53.9018980623251,1.56321018326883,0.438267792665447,3.50380442271338,0.000458662078739689,0.0320998724582476
"Mlu_07279.mRNA1",134.014382257192,-1.45541851545907,0.418619017803452,-3.50275023934645,0.00046048102040009,0.0321623292980852
"Mlu_13490.mRNA1",297.868392063945,0.699666355565237,0.20022230182772,3.49513181672927,0.000473827682163601,0.033028072953705
"Mlu_14274.mRNA1",14.7095857982783,-1.8075769461477,0.502166651545217,-3.49269884947221,0.000478165433631729,0.0331971133953164
"Mlu_18971.mRNA1",194.685573588292,-1.14933140918635,0.327915970683822,-3.49283232259233,0.000477926506569753,0.0331971133953164
"Mlu_12891.mRNA1",58.296974928597,-1.39976756869536,0.397271096202002,-3.4919213958248,0.000479559350893879,0.0332274326298986
"Mlu_12038.mRNA1",454.186161931737,-1.02646524919207,0.293526428538472,-3.48973633056463,0.000483497334318154,0.0334335517254703
"Mlu_28437.mRNA1",126.999239227739,0.995101053385654,0.285593788930994,3.48775199433236,0.000487099669547849,0.033615687532832
"Mlu_46529.mRNA1",84.3699139065663,1.42390630516462,0.418411455800955,3.48537290145489,0.000491451632414071,0.0338487311825191
"Mlu_12194.mRNA1",46.8633085385885,1.30146954428944,0.372112947116026,3.47940079621014,0.00050253638897875,0.0345313113496935
"Mlu_12377.mRNA1",30.5907882178728,-1.38568807291137,0.393124668271909,-3.47896645823146,0.000503351584217582,0.0345313113496935
"Mlu_40177.mRNA1",63.7289027863332,1.19038351446675,0.341862184624773,3.47381981747915,0.000513105470093788,0.0351310260026936
"Mlu_05771.mRNA1",1998.69599302376,-1.00155256917433,0.287977152411162,-3.4724438720257,0.000515742843475799,0.0351728513272601
"Mlu_15453.mRNA1",827.234766115675,-0.701992018941403,0.202097824874822,-3.47274135971691,0.000515171559121477,0.0351728513272601
"Mlu_27491.mRNA1",36.006897618111,1.31834931295496,0.37992400644756,3.46810806380483,0.000524136472453805,0.0356751948397822
"Mlu_46477.mRNA1",323.64020485035,0.696429391795306,0.200904455427467,3.4670972104483,0.000526111584744478,0.0357395527225735
"Mlu_15056.mRNA1",753.939442114037,-0.807588401782294,0.232919984195827,-3.46652049268452,0.000527241542215798,0.0357463587010488
"Mlu_33951.mRNA1",14.7089526385989,2.04073114269031,0.563901583826437,3.46431771509389,0.000531578271637469,0.0359701297141354
"Mlu_07989.mRNA1",596.290405426874,-0.778188692285927,0.224788249851803,-3.46205153957318,0.000536074487013062,0.0361335022673484
"Mlu_13619.mRNA1",1403.7079006691,-0.76651622914854,0.221339442969388,-3.46254879821312,0.00053508487485899,0.0361335022673484
"Mlu_40743.mRNA1",433.366289252186,0.628909202498268,0.181802762689234,3.45993636953822,0.000540303047396269,0.0363479451245478
"Mlu_21235.mRNA1",125.957866847129,-0.936824377370173,0.271204485779489,-3.45873832122931,0.000542711901047993,0.0363790250251042
"Mlu_43315.mRNA1",15.3358592735867,1.9258934644422,0.538712391012795,3.45866431417756,0.000542861030824301,0.0363790250251042
"Mlu_23740.mRNA1",252.549382965989,-0.835406794624434,0.241387790154739,-3.45600914322314,0.000548236724159136,0.0366684805505512
"Mlu_02868.mRNA1",7.4354606861191,-2.15996993252792,0.59165261048294,-3.4521322162192,0.000556175122004123,0.0371278980964022
"Mlu_45995.mRNA1",387.78751565087,-0.746842696902923,0.216445691146947,-3.44991776691816,0.000560757339998938,0.0373619377032306
"Mlu_22862.mRNA1",124.316127237617,-1.17767504470304,0.340255848442869,-3.44879939648716,0.000563084851880902,0.03744514265008
"Mlu_37018.mRNA1",16.8471037523072,2.06173225610264,0.575816077811646,3.44644342775993,0.000568017479024939,0.0376289899797571
"Mlu_39389.mRNA1",73.7910652347875,1.02721970879337,0.298153167821374,3.44663444904042,0.000567616048911752,0.0376289899797571
"Mlu_20401.mRNA1",252.581872677954,0.816723323345304,0.237231777657614,3.44484981035367,0.000571376774579161,0.0377079638216451
"Mlu_42437.mRNA1",133.748600030841,1.32922188660858,0.385780849377131,3.44484726189117,0.000571382161443417,0.0377079638216451
"Mlu_13555.mRNA1",97.6368532983812,1.13311138924176,0.327138877412003,3.44112283383783,0.000579305482768429,0.0381020048616212
"Mlu_28191.mRNA1",239.464007738558,1.00222797934248,0.29125380264641,3.44100946723667,0.000579548254744217,0.0381020048616212
"Mlu_31386.mRNA1",55.2120448022815,1.11763495180369,0.324730518788801,3.44002123174763,0.000581668553861668,0.0381691124956524
"Mlu_20937.mRNA1",906.193818542907,0.981914614868841,0.285349751372905,3.43835297235961,0.00058526426584852,0.0381884933466159
"Mlu_22532.mRNA1",34.733473330631,1.45590693653671,0.424079275475482,3.43863417614862,0.000584656721869418,0.0381884933466159
"Mlu_30026.mRNA1",214.361553682336,-1.00582863219625,0.292555408660762,-3.43844880479824,0.00058505715278793,0.0381884933466159
"Mlu_05913.mRNA1",57.3850942141117,1.24227614506011,0.541137010961324,3.4378306165301,0.000586394381753502,0.038190446855177
"Mlu_31133.mRNA1",342.432584695271,0.851072407830589,0.247426026132654,3.43685590565097,0.000588508601057611,0.0382563652968406
"Mlu_42980.mRNA1",13.4100542474478,-1.77011980146743,0.507990773717057,-3.43376558077808,0.000595258749495491,0.038622835460256
"Mlu_24812.mRNA1",193.358039645979,0.657519302558933,0.191714446299015,3.42977384071968,0.000604084526530766,0.0391223622564598
"Mlu_23022.mRNA1",143.6599998307,-1.23287078605861,0.356692996336845,-3.42836351000795,0.000607231789108252,0.0392130449221956
"Mlu_30799.mRNA1",125.492199194188,1.04793923544662,0.305755366989217,3.42763046537246,0.000608873655779201,0.0392130449221956
"Mlu_35001.mRNA1",347.568711264374,-0.759689219267558,0.221585543266951,-3.42786202133401,0.000608354572996431,0.0392130449221956
"Mlu_07026.mRNA1",47.9680775055449,1.2065229123289,0.354447913584031,3.4243218754935,0.000616335738376341,0.0396201157152924
"Mlu_15404.mRNA1",541.072302267071,0.998503952142231,0.291752764742785,3.42131548443931,0.000623189958081546,0.039986678400896
"Mlu_01176.mRNA1",107.697846097028,1.37372705876512,0.400286664351973,3.41946300892485,0.000627448628559873,0.0401856535852378
"Mlu_28681.mRNA1",25.3770636903551,1.72304588377216,0.49749464966627,3.41834676014397,0.000630027838010727,0.0402765310144869
"Mlu_23623.mRNA1",2422.44714829866,-0.638041290824734,0.186718825810355,-3.41699240486434,0.000633170460338903,0.04038065272665
"Mlu_29611.mRNA1",1704.96146350618,-0.568744627782865,0.166462982470841,-3.41664319976381,0.000633983111111809,0.04038065272665
"Mlu_29506.mRNA1",104.904451633474,-1.34842568162369,0.392979705605457,-3.41456183031086,0.000638846919009668,0.0405715717786254
"Mlu_43638.mRNA1",4.53060585213271,1.89191812766631,0.592444131045913,3.41436097480563,0.000639318116063379,0.0405715717786254
"Mlu_46422.mRNA1",68.7378668519976,-1.15846068761725,0.339280340069056,-3.41191733470807,0.000645076724772747,0.0408623145018912
"Mlu_13713.mRNA1",353.160628740527,0.800663880193951,0.234786026151518,3.41071423935044,0.0006479295921016,0.0409085914764551
"Mlu_31028.mRNA1",215.984193408657,0.732814168364709,0.214707977231426,3.41061550374797,0.000648164241409566,0.0409085914764551
"Mlu_15735.mRNA1",150.444703407072,1.28468443883132,0.38224680370068,3.40846854632363,0.000653286160776304,0.0411570281289071
"Mlu_15659.mRNA1",473.951351856239,-0.676516043023199,0.198639754760926,-3.40686291504642,0.000657141230905605,0.0413248977326563
"Mlu_35021.mRNA1",181.690808885417,0.663963624169794,0.194975658550594,3.40609263847357,0.000658998139620031,0.0413667313212118
"Mlu_25303.mRNA1",769.165262023546,0.989134583322937,0.290752806520649,3.40362920591065,0.000664969551428214,0.041591149619329
"Mlu_44567.mRNA1",474.912479907982,0.863189202828448,0.253551648742983,3.40397081490378,0.000664138490168294,0.041591149619329
"Mlu_17745.mRNA1",1953.64433154006,-0.719643936885065,0.211477798629571,-3.40172872785223,0.00066961068623457,0.0418061074662961
"Mlu_16589.mRNA1",215.328668703686,-0.792735732061139,0.23314825129902,-3.40113333712894,0.000671070866849475,0.0418107871123843
"Mlu_25618.mRNA1",245.002763465129,0.93844283720325,0.27584474607652,3.40071663380644,0.000672094581531715,0.0418107871123843
"Mlu_19841.mRNA1",446.413025710414,0.695001380840295,0.204493138645711,3.39846481792324,0.000677651782480755,0.0420810846605625
"Mlu_06166.mRNA1",247.166079995175,-0.692179924935442,0.203823408813624,-3.39449068545806,0.000687563788756554,0.042468686475278
"Mlu_30970.mRNA1",162.776161903659,-1.03824896193051,0.304969061516865,-3.39495932098625,0.00068638798123863,0.042468686475278
"Mlu_36316.mRNA1",1698.01986889446,-0.726937509872675,0.214022138762881,-3.39505269249166,0.000686153935337532,0.042468686475278
"Mlu_41005.mRNA1",46.4739470595597,1.50758674924772,0.440436136711052,3.39340702702519,0.000690289863566911,0.0425613357619861
"Mlu_42626.mRNA1",134.141072875592,-0.790039633190606,0.23283971308982,-3.39192534341217,0.000694033479544165,0.0427162839989656
"Mlu_31226.mRNA1",174.596409841838,-1.04558450480885,0.308619007241835,-3.39122956041074,0.000695797945173969,0.0427490868510159
"Mlu_24577.mRNA1",147.127757735789,0.800042831523588,0.236440430730407,3.3890138017211,0.000701444798378221,0.0430198821309243
"Mlu_45730.mRNA1",621.293731489018,-0.955355246900646,0.282082096093187,-3.38837041345551,0.000703092432024355,0.0430448811161577
"Mlu_38722.mRNA1",387.397172674636,-0.929743472167893,0.274816266980423,-3.38730961355496,0.000705816857811896,0.0431355996218738
"Mlu_01230.mRNA1",26.5773576600849,1.51034215638338,0.448502097127487,3.38667012358867,0.000707463979893134,0.0431602761582256
"Mlu_43174.mRNA1",384.325505010524,1.09814108368945,0.324384641718634,3.38585807627701,0.000709560702079663,0.0432122467566515
"Mlu_10588.mRNA1",255.87484099371,0.828949515583808,0.244935554096746,3.38525116400379,0.00071113153031765,0.043232064469206
"Mlu_02410.mRNA1",2795.77489125466,0.779043277032627,0.230420314859379,3.38108506501398,0.000722001874226219,0.0438161731818439
"Mlu_23691.mRNA1",110.365484537104,1.16978595254841,0.345150238281763,3.37969692227918,0.000725658021078368,0.0439611987533916
"Mlu_24578.mRNA1",275.045158825383,0.708367750460206,0.209792630996878,3.37742208756588,0.000731686781397562,0.044249204255494
"Mlu_00671.mRNA1",153.043276871383,0.817244435059364,0.24240642673308,3.37309815317741,0.000743274517518887,0.0443321105268611
"Mlu_01693.mRNA1",1130.82102813897,-1.07557878355877,0.317717114020302,-3.37510340103425,0.000737879610781786,0.0443321105268611
"Mlu_09722.mRNA1",306.634634555039,-0.851993308211262,0.252268342346976,-3.37556097508431,0.00073665366357183,0.0443321105268611
"Mlu_19184.mRNA1",127.362216277243,0.79346249286427,0.235207717891365,3.37484873364395,0.000738562744464299,0.0443321105268611
"Mlu_26464.mRNA1",649.353708736528,-0.710796418843316,0.210659228020301,-3.37429426808985,0.000740052105298217,0.0443321105268611
"Mlu_33403.mRNA1",37.2439493277997,1.95828501275086,0.601720156349631,3.37453719121134,0.000739399241705359,0.0443321105268611
"Mlu_39593.mRNA1",25.1193838059899,1.68995242689257,0.527686569146681,3.37381048391237,0.000741353885773239,0.0443321105268611
"Mlu_45894.mRNA1",109.066020367591,-0.834981050038868,0.247582531882861,-3.37321830906196,0.000742950221854458,0.0443321105268611
"Mlu_14529.mRNA1",161.916999756241,0.888306068228302,0.263718130486151,3.37194791534768,0.000746385620810271,0.0444413105577821
"Mlu_45182.mRNA1",1580.11906994981,-0.747010562788785,0.221639676836254,-3.36989671864182,0.000751963621937328,0.0446967691923124
"Mlu_20581.mRNA1",86.6037817890624,-1.41807071573273,0.415354812710215,-3.36889100261418,0.000754712675303065,0.0447834890560603
"Mlu_17994.mRNA1",20.431914357151,1.59140206861763,0.467703135650252,3.36764265654965,0.000758137921691135,0.0448914617161384
"Mlu_20843.mRNA1",2728.53812901808,-0.476636774749662,0.141554898895591,-3.36685815402092,0.000760297841427795,0.0448914617161384
"Mlu_22053.mRNA1",474.8361132559,0.793037026535523,0.235757146900046,3.36634693090061,0.000761708432123791,0.0448914617161384
"Mlu_31992.mRNA1",286.471490492955,-0.865525725928339,0.256779907286802,-3.36588020344822,0.000762998369847656,0.0448914617161384
"Mlu_32253.mRNA1",9.2740432373531,-2.1391472442844,0.595461824373398,-3.36651929774219,0.000761232558183425,0.0448914617161384
"Mlu_43015.mRNA1",254.498985962685,-0.7909284226452,0.235273416292849,-3.36487253563074,0.000765790274064609,0.0449794886355411
"Mlu_26030.mRNA1",203.472943706625,-1.03424488159911,0.308317995212184,-3.36194247954532,0.000773962441362882,0.0453826997078205
"Mlu_15891.mRNA1",115.95129540064,-1.00350662099034,0.298257489804184,-3.35974364763104,0.000780148259177698,0.0455913914492179
"Mlu_39792.mRNA1",736.823153775114,0.927018371065629,0.275782495527075,3.35994704721056,0.00077957412910327,0.0455913914492179
"Mlu_25214.mRNA1",309.276474330368,-0.598879105197541,0.178308176384434,-3.35828225036713,0.000784284857768607,0.0457561012902885
"Mlu_05301.mRNA1",320.172887311988,0.952073341554662,0.283613947106928,3.35600721750589,0.000790765050521434,0.0459184593946835
"Mlu_30160.mRNA1",759.619221513212,-0.726488730372147,0.216454469487339,-3.35591241037546,0.000791036174286888,0.0459184593946835
"Mlu_36167.mRNA1",544.743597622655,-0.716824886489045,0.213616853735382,-3.35630038308879,0.00078992721871149,0.0459184593946835
"Mlu_01908.mRNA1",146.216610255281,1.04875530690454,0.312341477271821,3.35399690215238,0.000796532545524585,0.0461361764522795
"Mlu_10638.mRNA1",94.1339048700444,1.00419446066731,0.29884280059759,3.35368011997532,0.000797444930468923,0.0461361764522795
"Mlu_05063.mRNA1",9.47844764259976,2.15382975710036,0.599659163744692,3.35040772544143,0.000806926892441888,0.046442247534098
"Mlu_11808.mRNA1",189.847362763762,0.986870463518062,0.294807469096818,3.35008361001557,0.000807871708876019,0.046442247534098
"Mlu_22354.mRNA1",937.292615644641,0.923665006310407,0.275682494599193,3.35094394321687,0.00080536603568675,0.046442247534098
"Mlu_30052.mRNA1",47.9385989946565,1.31325186831655,0.393117614770517,3.35000986886732,0.000808086812162452,0.046442247534098
"Mlu_20880.mRNA1",103.161642229795,-1.16965176896115,0.353076234966774,-3.34925213250135,0.00081030021371101,0.0464924815182649
"Mlu_21435.mRNA1",98.1322665806131,-1.10913183886551,0.329821107144975,-3.34676057898339,0.000817617940316474,0.0468349365712966
"Mlu_19559.mRNA1",653.110198625872,0.865369267834451,0.25870432688973,3.34625717487594,0.000819103870801752,0.0468427556295572
"Mlu_03993.mRNA1",8.39771631747557,2.14219656978301,0.604274193014067,3.34450729506321,0.000824288618521736,0.0470617283137254
"Mlu_03481.mRNA1",95524.1417797741,-0.562659253356732,0.168294013839341,-3.3435718785615,0.000827072651327246,0.0470658572877421
"Mlu_28108.mRNA1",105.41807562738,-1.54861358705119,0.585739142758037,-3.34383081194136,0.000826301129147983,0.0470658572877421
"Mlu_13613.mRNA1",283.652267066595,-0.986559870620835,0.295145033122725,-3.34236994782539,0.000830662702606066,0.0471927895181086
"Mlu_02841.mRNA1",34.1751405263783,1.81649283356905,0.534759019085385,3.34040508136231,0.000836562715789737,0.0474503293353091
"Mlu_06988.mRNA1",25.4335735057237,1.79099799511924,0.592084989425937,3.33812023764915,0.000843472415674919,0.0477642054899241
"Mlu_05348.mRNA1",55.2963092484898,2.05140895476073,0.597351243413582,3.33734957301366,0.000845814930478515,0.0478188496444637
"Mlu_43209.mRNA1",256.967923593027,-0.945509135214193,0.28336073893345,-3.33689364687784,0.000847203604331187,0.0478194775888593
"Mlu_12951.mRNA1",528.875227243561,0.552872824994183,0.165692823679525,3.33555154092855,0.000851303715439115,0.0478951472836921
"Mlu_15078.mRNA1",358.718546783901,-0.584281343202471,0.175121293717406,-3.3358762299524,0.00085031011189053,0.0478951472836921
"Mlu_04943.mRNA1",48.7272377291962,-1.16852712514499,0.347673021726013,-3.33422105858694,0.000855386474074529,0.0479744611578923
"Mlu_12176.mRNA1",112.599324936529,1.85660553574412,0.594628367020221,3.33419145302349,0.000855477528785624,0.0479744611578923
"Mlu_36544.mRNA1",101.094465983137,1.09725844551449,0.329261177049489,3.33278522309264,0.000859812889536732,0.0481398142491751
"Mlu_38442.mRNA1",370.309158654597,0.911795651478934,0.273783835226225,3.32941670206893,0.000870280917656571,0.0486474420203101
"Mlu_18515.mRNA1",215.202663363702,0.918950694992907,0.276059406187501,3.32728866538744,0.000876954787266802,0.0487607932750975
"Mlu_26201.mRNA1",1060.92466569198,-0.844476614743778,0.253626814271245,-3.32711904401308,0.000877488784114905,0.0487607932750975
"Mlu_28251.mRNA1",30.562989848787,1.73424893807946,0.516801491040999,3.32799114408912,0.000874746471188605,0.0487607932750975
"Mlu_29306.mRNA1",31.2437120409824,1.67707556001056,0.496869125334593,3.32653424573871,0.000879332140414572,0.0487607932750975
"Mlu_34083.mRNA1",885.077080986727,-0.85131154817388,0.255883519116837,-3.32694404110762,0.000878040038881166,0.0487607932750975
"Mlu_07399.mRNA1",74.6937369375545,-1.06921324093074,0.320095487513358,-3.32404716768609,0.00088721188842501,0.0491060698472834
"Mlu_39790.mRNA1",551.317857559212,-0.80384294667652,0.24169886589601,-3.32367771721728,0.00088838797753274,0.0491060698472834
"Mlu_01628.mRNA1",25.436682633094,1.66099873976402,0.504516879185042,3.32046206430983,0.000898685717902203,0.0495875721384963
"Mlu_19426.mRNA1",196.562397972993,1.06928049807252,0.322211324113433,3.31995017509272,0.000900335152641439,0.0495875721384963
"Mlu_33666.mRNA1",5864.70212200123,-0.639550004592793,0.192604936051608,-3.31962498950452,0.000901384438665376,0.0495875721384963
"Mlu_13133.mRNA1",1274.9904787982,-0.793541205041589,0.239193731513504,-3.31754496845362,0.000908122960673986,0.0498792283763862
